{"mean":{"confidence_interval":{"confidence_level":0.95,"lower_bound":-0.007494141009577681,"upper_bound":-0.002396838002906833},"point_estimate":-0.004372765009612478,"standard_error":0.0013558366069570055},"median":{"confidence_interval":{"confidence_level":0.95,"lower_bound":-0.004569026022397504,"upper_bound":-0.002843204346912355},"point_estimate":-0.003841523085767906,"standard_error":0.0004111380810343135}}