{"mean":{"confidence_interval":{"confidence_level":0.95,"lower_bound":-0.004216144953881951,"upper_bound":-0.0018107332368526867},"point_estimate":-0.003008818576129113,"standard_error":0.000612410880153221},"median":{"confidence_interval":{"confidence_level":0.95,"lower_bound":-0.007699390443617073,"upper_bound":-0.0033044971766631966},"point_estimate":-0.006148551220549248,"standard_error":0.0012245509996582787}}