{"mean":{"confidence_interval":{"confidence_level":0.95,"lower_bound":-0.015357364792028724,"upper_bound":-0.013184246017079761},"point_estimate":-0.014301766481257694,"standard_error":0.0005565160219479707},"median":{"confidence_interval":{"confidence_level":0.95,"lower_bound":-0.017193852013832018,"upper_bound":-0.015053878236711227},"point_estimate":-0.01658051072611122,"standard_error":0.0005796329507815093}}