{"mean":{"confidence_interval":{"confidence_level":0.95,"lower_bound":-0.004588407933062233,"upper_bound":0.002149996269052599},"point_estimate":-0.002094109911724873,"standard_error":0.0017714975461114726},"median":{"confidence_interval":{"confidence_level":0.95,"lower_bound":-0.004753242777572386,"upper_bound":-0.002806320854983446},"point_estimate":-0.0035307693337719437,"standard_error":0.00045951375077293285}}