{"mean":{"confidence_interval":{"confidence_level":0.95,"lower_bound":-0.03350385329562361,"upper_bound":-0.030996105308288485},"point_estimate":-0.03223620139961503,"standard_error":0.0006496035305668079},"median":{"confidence_interval":{"confidence_level":0.95,"lower_bound":-0.03386114357185965,"upper_bound":-0.031347151133268136},"point_estimate":-0.03257860213284858,"standard_error":0.0006192567718586195}}