{"mean":{"confidence_interval":{"confidence_level":0.95,"lower_bound":-0.005922248850187239,"upper_bound":-0.002730904886737068},"point_estimate":-0.004323429514453858,"standard_error":0.0008165783947911953},"median":{"confidence_interval":{"confidence_level":0.95,"lower_bound":-0.007003827603332291,"upper_bound":-0.0026054908038946056},"point_estimate":-0.003889999000121769,"standard_error":0.001057954708539665}}