{"mean":{"confidence_interval":{"confidence_level":0.95,"lower_bound":0.039791071723929275,"upper_bound":0.044984569965496},"point_estimate":0.04246493956248254,"standard_error":0.0013266001359518145},"median":{"confidence_interval":{"confidence_level":0.95,"lower_bound":0.033518740006931,"upper_bound":0.05109339918796585},"point_estimate":0.03653106576632181,"standard_error":0.004528337666180656}}