{"mean":{"confidence_interval":{"confidence_level":0.95,"lower_bound":-0.00347719560639739,"upper_bound":-0.0004793942350911743},"point_estimate":-0.0019660443198040722,"standard_error":0.0007611176525127613},"median":{"confidence_interval":{"confidence_level":0.95,"lower_bound":-0.004607934608125364,"upper_bound":0.0006342778575858521},"point_estimate":-0.0019839625640020175,"standard_error":0.0012162790239261213}}