{"mean":{"confidence_interval":{"confidence_level":0.95,"lower_bound":388551.55894490663,"upper_bound":390813.5958421616},"point_estimate":389388.30212315783,"standard_error":637.3470901347642},"median":{"confidence_interval":{"confidence_level":0.95,"lower_bound":388220.1505376344,"upper_bound":388552.4},"point_estimate":388379.6178861789,"standard_error":95.68571651988871},"median_abs_dev":{"confidence_interval":{"confidence_level":0.95,"lower_bound":578.3723046097263,"upper_bound":997.8196641456861},"point_estimate":812.8029021089706,"standard_error":106.707004652827},"slope":{"confidence_interval":{"confidence_level":0.95,"lower_bound":388497.09505135857,"upper_bound":389536.183330548},"point_estimate":388995.87370277324,"standard_error":265.1912410667533},"std_dev":{"confidence_interval":{"confidence_level":0.95,"lower_bound":1160.2855275324296,"upper_bound":10674.588442993727},"point_estimate":6331.300697368195,"standard_error":3293.3062136634385}}