{"mean":{"confidence_interval":{"confidence_level":0.95,"lower_bound":-0.010886286088307865,"upper_bound":-0.0017976755722458335},"point_estimate":-0.00540294810805797,"standard_error":0.00239208224258144},"median":{"confidence_interval":{"confidence_level":0.95,"lower_bound":-0.0023913797809553827,"upper_bound":-0.0001479842181845159},"point_estimate":-0.0013358233746716408,"standard_error":0.000520671757935231}}