{"mean":{"confidence_interval":{"confidence_level":0.95,"lower_bound":-0.004141126439402123,"upper_bound":-0.0015004934992858994},"point_estimate":-0.002795998748670314,"standard_error":0.0006726989401545522},"median":{"confidence_interval":{"confidence_level":0.95,"lower_bound":-0.004246663189342081,"upper_bound":0.00006528057673227394},"point_estimate":-0.0024357417350765465,"standard_error":0.0012734275757791955}}