{"mean":{"confidence_interval":{"confidence_level":0.95,"lower_bound":0.005616374546986325,"upper_bound":0.00687978294345074},"point_estimate":0.006281115089075584,"standard_error":0.00032249591904099506},"median":{"confidence_interval":{"confidence_level":0.95,"lower_bound":0.006691590856555907,"upper_bound":0.007433226945498417},"point_estimate":0.007117508135130457,"standard_error":0.00018859801564376607}}