{"mean":{"confidence_interval":{"confidence_level":0.95,"lower_bound":-0.004275726532549759,"upper_bound":-0.0027294880358715887},"point_estimate":-0.003545220591711473,"standard_error":0.0003913959309496232},"median":{"confidence_interval":{"confidence_level":0.95,"lower_bound":-0.0041727842612796495,"upper_bound":-0.0029166485639796624},"point_estimate":-0.003685876348882955,"standard_error":0.00033110996486357354}}